timestamp,dataset,method,subsample,n_train,n_test,n_classes,n_sims,test_error_mean,test_error_std,test_error_min,test_error_max,test_error_stderr,val_error_mean,val_error_std,time_mean,config
2026-04-03T18:15:02.177606,iris,Random Forest,,120,30,3,1,0.033333333333333326,0.0,0.033333333333333326,0.033333333333333326,0.0,,,2.6560752391815186,"{'best_params': ""{'bootstrap': True, 'ccp_alpha': 0.0, 'class_weight': None, 'criterion': 'gini', 'max_depth': 5, 'max_features': 'sqrt', 'max_leaf_nodes': None, 'max_samples': None, 'min_impurity_decrease': 0.0, 'min""}"
2026-04-03T18:15:02.177627,iris,SVM-RBF,,120,30,3,1,0.033333333333333326,0.0,0.033333333333333326,0.033333333333333326,0.0,,,0.02547907829284668,"{'best_params': ""{'C': 1, 'break_ties': False, 'cache_size': 200, 'class_weight': None, 'coef0': 0.0, 'decision_function_shape': 'ovr', 'degree': 3, 'gamma': 'scale', 'kernel': 'rbf', 'max_iter': -1, 'probability': Fa""}"
2026-04-03T18:15:02.177638,iris,MLP,,120,30,3,1,0.033333333333333326,0.0,0.033333333333333326,0.033333333333333326,0.0,,,0.7550821304321289,"{'best_params': ""{'activation': 'relu', 'alpha': 0.0001, 'batch_size': 'auto', 'beta_1': 0.9, 'beta_2': 0.999, 'early_stopping': False, 'epsilon': 1e-08, 'hidden_layer_sizes': (64, 64), 'learning_rate': 'constant', 'l""}"
2026-04-03T18:15:02.177647,iris,KNN,,120,30,3,1,0.033333333333333326,0.0,0.033333333333333326,0.033333333333333326,0.0,,,0.02271747589111328,"{'best_params': ""{'algorithm': 'auto', 'leaf_size': 30, 'metric': 'manhattan', 'metric_params': None, 'n_jobs': None, 'n_neighbors': 15, 'p': 2, 'weights': 'distance'}""}"
2026-04-03T18:15:02.177657,iris,XGBoost,,120,30,3,1,0.033333333333333326,0.0,0.033333333333333326,0.033333333333333326,0.0,,,6.055478572845459,"{'best_params': ""{'ccp_alpha': 0.0, 'criterion': 'friedman_mse', 'init': None, 'learning_rate': 0.01, 'loss': 'log_loss', 'max_depth': 3, 'max_features': None, 'max_leaf_nodes': None, 'min_impurity_decrease': 0.0, 'mi""}"
2026-04-03T18:15:02.177665,iris,ArrowFlow Ensemble (v=7),,120,30,3,5,0.06,0.032659863237109045,0.0,0.1,0.014605934866804431,0.0,0.0,0.6013032913208007,"{'filters': '[64]', 'layer_types': ""['sort', 'sort']"", 'moe': 1, 'iters': 200, 'lr': 0.1, 'batch_size': 32, 'distance_metric': 'l1', 'poly_expansion': True, 'pol_deg': 3, 'embed_dim': 16, 'last_layer_update': True, 'encoding_mode': 'projection', 'n_ensemble_views': 7, 'projection_strategy': 'diverse', 'use_augmentation': True, 'adaptive_mode': False}"
2026-04-03T18:15:02.177680,iris,ArrowFlow Ensemble (v=7),,120,30,3,5,0.06,0.013333333333333334,0.03333333333333333,0.06666666666666667,0.00596284793999944,0.0,0.0,1.083639430999756,"{'filters': '[128]', 'layer_types': ""['sort', 'sort']"", 'moe': 1, 'iters': 200, 'lr': 0.1, 'batch_size': 32, 'distance_metric': 'l1', 'poly_expansion': True, 'pol_deg': 3, 'embed_dim': 16, 'last_layer_update': True, 'encoding_mode': 'projection', 'n_ensemble_views': 7, 'projection_strategy': 'diverse', 'use_augmentation': True, 'adaptive_mode': False}"
2026-04-03T18:15:02.177691,iris,ArrowFlow Ensemble (v=7),,120,30,3,5,0.07333333333333333,0.02494438257849295,0.03333333333333333,0.1,0.011155467020454344,0.0,0.0,2.1188528060913088,"{'filters': '[256]', 'layer_types': ""['sort', 'sort']"", 'moe': 1, 'iters': 200, 'lr': 0.1, 'batch_size': 32, 'distance_metric': 'l1', 'poly_expansion': True, 'pol_deg': 3, 'embed_dim': 16, 'last_layer_update': True, 'encoding_mode': 'projection', 'n_ensemble_views': 7, 'projection_strategy': 'diverse', 'use_augmentation': True, 'adaptive_mode': False}"
2026-04-03T18:15:02.177703,iris,ArrowFlow Ensemble (v=7),,120,30,3,5,0.026666666666666665,0.013333333333333334,0.0,0.03333333333333333,0.00596284793999944,0.0,0.0,3.422719192504883,"{'filters': '[64, 128]', 'layer_types': ""['sort', 'sort', 'sort']"", 'moe': 1, 'iters': 200, 'lr': 0.1, 'batch_size': 32, 'distance_metric': 'l1', 'poly_expansion': True, 'pol_deg': 3, 'embed_dim': 16, 'last_layer_update': True, 'encoding_mode': 'projection', 'n_ensemble_views': 7, 'projection_strategy': 'diverse', 'use_augmentation': True, 'adaptive_mode': False}"
2026-04-03T18:15:02.177716,iris,ArrowFlow Ensemble (v=7),,120,30,3,5,0.039999999999999994,0.013333333333333334,0.03333333333333333,0.06666666666666667,0.00596284793999944,0.0,0.0,11.265902042388916,"{'filters': '[128, 256]', 'layer_types': ""['sort', 'sort', 'sort']"", 'moe': 1, 'iters': 200, 'lr': 0.1, 'batch_size': 32, 'distance_metric': 'l1', 'poly_expansion': True, 'pol_deg': 3, 'embed_dim': 16, 'last_layer_update': True, 'encoding_mode': 'projection', 'n_ensemble_views': 7, 'projection_strategy': 'diverse', 'use_augmentation': True, 'adaptive_mode': False}"
2026-04-03T18:15:02.177731,iris,ArrowFlow Ensemble (v=7),,120,30,3,5,0.08,0.026666666666666672,0.03333333333333333,0.1,0.01192569587999888,0.0,0.0,1.3043580532073975,"{'filters': '[128]', 'layer_types': ""['sort', 'sort']"", 'moe': 1, 'iters': 200, 'lr': 0.1, 'batch_size': 32, 'distance_metric': 'l1', 'poly_expansion': True, 'pol_deg': 3, 'embed_dim': 8, 'last_layer_update': True, 'encoding_mode': 'projection', 'n_ensemble_views': 7, 'projection_strategy': 'diverse', 'use_augmentation': True, 'adaptive_mode': False}"
2026-04-03T18:15:02.177741,iris,ArrowFlow Ensemble (v=7),,120,30,3,5,0.06666666666666668,0.03651483716701108,0.0,0.1,0.016329931618554522,0.0,0.0,1.4716525554656983,"{'filters': '[128]', 'layer_types': ""['sort', 'sort']"", 'moe': 1, 'iters': 200, 'lr': 0.1, 'batch_size': 32, 'distance_metric': 'l1', 'poly_expansion': True, 'pol_deg': 2, 'embed_dim': 32, 'last_layer_update': True, 'encoding_mode': 'projection', 'n_ensemble_views': 7, 'projection_strategy': 'diverse', 'use_augmentation': True, 'adaptive_mode': False}"
2026-04-03T18:15:02.177753,iris,ArrowFlow Ensemble (v=3),,120,30,3,5,0.06000000000000001,0.03887301263230201,0.0,0.1,0.017384539747207065,0.0,0.0,1.0208030223846436,"{'filters': '[128]', 'layer_types': ""['sort', 'sort']"", 'moe': 1, 'iters': 200, 'lr': 0.1, 'batch_size': 32, 'distance_metric': 'l1', 'poly_expansion': True, 'pol_deg': 3, 'embed_dim': 16, 'last_layer_update': True, 'encoding_mode': 'projection', 'n_ensemble_views': 3, 'projection_strategy': 'diverse', 'use_augmentation': True, 'adaptive_mode': False}"
2026-04-03T18:15:02.177764,iris,ArrowFlow Ensemble (v=5),,120,30,3,5,0.06,0.013333333333333334,0.03333333333333333,0.06666666666666667,0.00596284793999944,0.0,0.0,1.0588058948516845,"{'filters': '[128]', 'layer_types': ""['sort', 'sort']"", 'moe': 1, 'iters': 200, 'lr': 0.1, 'batch_size': 32, 'distance_metric': 'l1', 'poly_expansion': True, 'pol_deg': 3, 'embed_dim': 16, 'last_layer_update': True, 'encoding_mode': 'projection', 'n_ensemble_views': 5, 'projection_strategy': 'diverse', 'use_augmentation': True, 'adaptive_mode': False}"
2026-04-03T18:15:02.177774,iris,ArrowFlow Ensemble (v=11),,120,30,3,5,0.05333333333333333,0.01632993161855452,0.03333333333333333,0.06666666666666667,0.007302967433402214,0.0,0.0,1.686186933517456,"{'filters': '[128]', 'layer_types': ""['sort', 'sort']"", 'moe': 1, 'iters': 200, 'lr': 0.1, 'batch_size': 32, 'distance_metric': 'l1', 'poly_expansion': True, 'pol_deg': 3, 'embed_dim': 16, 'last_layer_update': True, 'encoding_mode': 'projection', 'n_ensemble_views': 11, 'projection_strategy': 'diverse', 'use_augmentation': True, 'adaptive_mode': False}"
2026-04-03T18:15:02.177804,iris,ArrowFlow Ensemble (v=7),,120,30,3,5,0.09333333333333334,0.024944382578492942,0.06666666666666667,0.13333333333333333,0.01115546702045434,0.0,0.0,1.1005073547363282,"{'filters': '[128]', 'layer_types': ""['sort', 'sort']"", 'moe': 1, 'iters': 200, 'lr': 0.1, 'batch_size': 32, 'distance_metric': 'l1', 'poly_expansion': True, 'pol_deg': 3, 'embed_dim': 16, 'last_layer_update': True, 'encoding_mode': 'projection', 'n_ensemble_views': 7, 'projection_strategy': 'diverse', 'use_augmentation': False, 'adaptive_mode': False}"
2026-04-03T18:15:02.177815,iris,ArrowFlow Ensemble (v=7),,120,30,3,5,0.07333333333333333,0.02494438257849295,0.03333333333333333,0.1,0.011155467020454344,0.0,0.0,1.182370662689209,"{'filters': '[128]', 'layer_types': ""['sort', 'sort']"", 'moe': 1, 'iters': 200, 'lr': 0.1, 'batch_size': 32, 'distance_metric': 'l1', 'poly_expansion': True, 'pol_deg': 3, 'embed_dim': 16, 'last_layer_update': True, 'encoding_mode': 'projection', 'n_ensemble_views': 7, 'projection_strategy': 'random', 'use_augmentation': True, 'adaptive_mode': False}"
2026-04-03T18:15:02.177847,wine,Random Forest,,142,36,3,1,0.0,0.0,0.0,0.0,0.0,,,2.3025524616241455,"{'best_params': ""{'bootstrap': True, 'ccp_alpha': 0.0, 'class_weight': None, 'criterion': 'gini', 'max_depth': 5, 'max_features': 'sqrt', 'max_leaf_nodes': None, 'max_samples': None, 'min_impurity_decrease': 0.0, 'min""}"
2026-04-03T18:15:02.177855,wine,SVM-RBF,,142,36,3,1,0.02777777777777779,0.0,0.02777777777777779,0.02777777777777779,0.0,,,0.023467302322387695,"{'best_params': ""{'C': 1, 'break_ties': False, 'cache_size': 200, 'class_weight': None, 'coef0': 0.0, 'decision_function_shape': 'ovr', 'degree': 3, 'gamma': 0.1, 'kernel': 'rbf', 'max_iter': -1, 'probability': False,""}"
2026-04-03T18:15:02.177863,wine,MLP,,142,36,3,1,0.02777777777777779,0.0,0.02777777777777779,0.02777777777777779,0.0,,,0.4131588935852051,"{'best_params': ""{'activation': 'relu', 'alpha': 0.0001, 'batch_size': 'auto', 'beta_1': 0.9, 'beta_2': 0.999, 'early_stopping': False, 'epsilon': 1e-08, 'hidden_layer_sizes': (256,), 'learning_rate': 'constant', 'lea""}"
2026-04-03T18:15:02.177870,wine,KNN,,142,36,3,1,0.0,0.0,0.0,0.0,0.0,,,0.03389883041381836,"{'best_params': ""{'algorithm': 'auto', 'leaf_size': 30, 'metric': 'euclidean', 'metric_params': None, 'n_jobs': None, 'n_neighbors': 11, 'p': 2, 'weights': 'uniform'}""}"
2026-04-03T18:15:02.177880,wine,XGBoost,,142,36,3,1,0.02777777777777779,0.0,0.02777777777777779,0.02777777777777779,0.0,,,9.819594383239746,"{'best_params': ""{'ccp_alpha': 0.0, 'criterion': 'friedman_mse', 'init': None, 'learning_rate': 0.05, 'loss': 'log_loss', 'max_depth': 3, 'max_features': None, 'max_leaf_nodes': None, 'min_impurity_decrease': 0.0, 'mi""}"
2026-04-03T18:15:02.177888,wine,ArrowFlow Ensemble (v=7),,142,36,3,5,0.044444444444444446,0.013608276348795434,0.027777777777777776,0.05555555555555555,0.006085806194501845,0.0,0.0,0.698792552947998,"{'filters': '[64]', 'layer_types': ""['sort', 'sort']"", 'moe': 1, 'iters': 200, 'lr': 0.1, 'batch_size': 32, 'distance_metric': 'l1', 'poly_expansion': True, 'pol_deg': 2, 'embed_dim': 32, 'last_layer_update': True, 'encoding_mode': 'projection', 'n_ensemble_views': 7, 'projection_strategy': 'diverse', 'use_augmentation': True, 'adaptive_mode': False}"
2026-04-03T18:15:02.177898,wine,ArrowFlow Ensemble (v=7),,142,36,3,5,0.03333333333333334,0.011111111111111112,0.027777777777777776,0.05555555555555555,0.004969039949999533,0.0,0.0,1.2517306804656982,"{'filters': '[128]', 'layer_types': ""['sort', 'sort']"", 'moe': 1, 'iters': 200, 'lr': 0.1, 'batch_size': 32, 'distance_metric': 'l1', 'poly_expansion': True, 'pol_deg': 2, 'embed_dim': 32, 'last_layer_update': True, 'encoding_mode': 'projection', 'n_ensemble_views': 7, 'projection_strategy': 'diverse', 'use_augmentation': True, 'adaptive_mode': False}"
2026-04-03T18:15:02.177909,wine,ArrowFlow Ensemble (v=7),,142,36,3,5,0.04444444444444444,0.013608276348795434,0.027777777777777776,0.05555555555555555,0.006085806194501845,0.0,0.0,2.478630018234253,"{'filters': '[256]', 'layer_types': ""['sort', 'sort']"", 'moe': 1, 'iters': 200, 'lr': 0.1, 'batch_size': 32, 'distance_metric': 'l1', 'poly_expansion': True, 'pol_deg': 2, 'embed_dim': 32, 'last_layer_update': True, 'encoding_mode': 'projection', 'n_ensemble_views': 7, 'projection_strategy': 'diverse', 'use_augmentation': True, 'adaptive_mode': False}"
2026-04-03T18:15:02.177920,wine,ArrowFlow Ensemble (v=7),,142,36,3,5,0.061111111111111116,0.011111111111111112,0.05555555555555555,0.08333333333333333,0.004969039949999533,0.0,0.0,3.4248555660247804,"{'filters': '[64, 128]', 'layer_types': ""['sort', 'sort', 'sort']"", 'moe': 1, 'iters': 200, 'lr': 0.1, 'batch_size': 32, 'distance_metric': 'l1', 'poly_expansion': True, 'pol_deg': 2, 'embed_dim': 32, 'last_layer_update': True, 'encoding_mode': 'projection', 'n_ensemble_views': 7, 'projection_strategy': 'diverse', 'use_augmentation': True, 'adaptive_mode': False}"
2026-04-03T18:15:02.177929,wine,ArrowFlow Ensemble (v=7),,142,36,3,5,0.04444444444444445,0.022222222222222223,0.027777777777777776,0.08333333333333333,0.009938079899999066,0.0,0.0,10.935718870162964,"{'filters': '[128, 256]', 'layer_types': ""['sort', 'sort', 'sort']"", 'moe': 1, 'iters': 200, 'lr': 0.1, 'batch_size': 32, 'distance_metric': 'l1', 'poly_expansion': True, 'pol_deg': 2, 'embed_dim': 32, 'last_layer_update': True, 'encoding_mode': 'projection', 'n_ensemble_views': 7, 'projection_strategy': 'diverse', 'use_augmentation': True, 'adaptive_mode': False}"
2026-04-03T18:15:02.177941,wine,ArrowFlow Ensemble (v=7),,142,36,3,5,0.06666666666666667,0.02832788618662658,0.027777777777777776,0.1111111111111111,0.012668615834434864,0.0,0.0,1.156446933746338,"{'filters': '[128]', 'layer_types': ""['sort', 'sort']"", 'moe': 1, 'iters': 200, 'lr': 0.1, 'batch_size': 32, 'distance_metric': 'l1', 'poly_expansion': True, 'pol_deg': 3, 'embed_dim': 16, 'last_layer_update': True, 'encoding_mode': 'projection', 'n_ensemble_views': 7, 'projection_strategy': 'diverse', 'use_augmentation': True, 'adaptive_mode': False}"
2026-04-03T18:15:02.177952,wine,ArrowFlow Ensemble (v=7),,142,36,3,5,0.02777777777777778,3.469446951953614e-18,0.027777777777777776,0.027777777777777776,1.5515838457795456e-18,0.0,0.0,1.768101406097412,"{'filters': '[128]', 'layer_types': ""['sort', 'sort']"", 'moe': 1, 'iters': 200, 'lr': 0.1, 'batch_size': 32, 'distance_metric': 'l1', 'poly_expansion': False, 'pol_deg': 1, 'embed_dim': 64, 'last_layer_update': True, 'encoding_mode': 'projection', 'n_ensemble_views': 7, 'projection_strategy': 'diverse', 'use_augmentation': False, 'adaptive_mode': False}"
2026-04-03T18:15:02.177965,wine,ArrowFlow Ensemble (v=3),,142,36,3,5,0.061111111111111116,0.011111111111111112,0.05555555555555555,0.08333333333333333,0.004969039949999533,0.0,0.0,1.1241899967193603,"{'filters': '[128]', 'layer_types': ""['sort', 'sort']"", 'moe': 1, 'iters': 200, 'lr': 0.1, 'batch_size': 32, 'distance_metric': 'l1', 'poly_expansion': True, 'pol_deg': 2, 'embed_dim': 32, 'last_layer_update': True, 'encoding_mode': 'projection', 'n_ensemble_views': 3, 'projection_strategy': 'diverse', 'use_augmentation': True, 'adaptive_mode': False}"
2026-04-03T18:15:02.177976,wine,ArrowFlow Ensemble (v=11),,142,36,3,5,0.03888888888888889,0.013608276348795434,0.027777777777777776,0.05555555555555555,0.006085806194501845,0.0,0.0,1.9096827030181884,"{'filters': '[128]', 'layer_types': ""['sort', 'sort']"", 'moe': 1, 'iters': 200, 'lr': 0.1, 'batch_size': 32, 'distance_metric': 'l1', 'poly_expansion': True, 'pol_deg': 2, 'embed_dim': 32, 'last_layer_update': True, 'encoding_mode': 'projection', 'n_ensemble_views': 11, 'projection_strategy': 'diverse', 'use_augmentation': True, 'adaptive_mode': False}"
2026-04-03T18:15:02.177987,breast_cancer,Random Forest,,455,114,2,1,0.04385964912280704,0.0,0.04385964912280704,0.04385964912280704,0.0,,,5.7561750411987305,"{'best_params': ""{'bootstrap': True, 'ccp_alpha': 0.0, 'class_weight': None, 'criterion': 'gini', 'max_depth': 10, 'max_features': 'log2', 'max_leaf_nodes': None, 'max_samples': None, 'min_impurity_decrease': 0.0, 'mi""}"
2026-04-03T18:15:02.177995,breast_cancer,SVM-RBF,,455,114,2,1,0.01754385964912286,0.0,0.01754385964912286,0.01754385964912286,0.0,,,0.03551530838012695,"{'best_params': ""{'C': 10, 'break_ties': False, 'cache_size': 200, 'class_weight': None, 'coef0': 0.0, 'decision_function_shape': 'ovr', 'degree': 3, 'gamma': 0.01, 'kernel': 'rbf', 'max_iter': -1, 'probability': Fals""}"
2026-04-03T18:15:02.178004,breast_cancer,MLP,,455,114,2,1,0.04385964912280704,0.0,0.04385964912280704,0.04385964912280704,0.0,,,1.293398141860962,"{'best_params': ""{'activation': 'relu', 'alpha': 0.0001, 'batch_size': 'auto', 'beta_1': 0.9, 'beta_2': 0.999, 'early_stopping': False, 'epsilon': 1e-08, 'hidden_layer_sizes': (64,), 'learning_rate': 'constant', 'lear""}"
2026-04-03T18:15:02.178011,breast_cancer,KNN,,455,114,2,1,0.02631578947368418,0.0,0.02631578947368418,0.02631578947368418,0.0,,,0.053727149963378906,"{'best_params': ""{'algorithm': 'auto', 'leaf_size': 30, 'metric': 'manhattan', 'metric_params': None, 'n_jobs': None, 'n_neighbors': 7, 'p': 2, 'weights': 'uniform'}""}"
2026-04-03T18:15:02.178019,breast_cancer,XGBoost,,455,114,2,1,0.04385964912280704,0.0,0.04385964912280704,0.04385964912280704,0.0,,,17.75782799720764,"{'best_params': ""{'ccp_alpha': 0.0, 'criterion': 'friedman_mse', 'init': None, 'learning_rate': 0.05, 'loss': 'log_loss', 'max_depth': 3, 'max_features': None, 'max_leaf_nodes': None, 'min_impurity_decrease': 0.0, 'mi""}"
2026-04-03T18:15:02.178033,breast_cancer,ArrowFlow Ensemble (v=7),,455,114,2,5,0.043859649122807015,0.017543859649122806,0.017543859649122806,0.07017543859649122,0.00784585255263084,0.0,0.0,0.8556578159332275,"{'filters': '[64]', 'layer_types': ""['sort', 'sort']"", 'moe': 1, 'iters': 200, 'lr': 0.1, 'batch_size': 32, 'distance_metric': 'l1', 'poly_expansion': True, 'pol_deg': 2, 'embed_dim': 32, 'last_layer_update': True, 'encoding_mode': 'projection', 'n_ensemble_views': 7, 'projection_strategy': 'random', 'use_augmentation': True, 'adaptive_mode': False}"
2026-04-03T18:15:02.178043,breast_cancer,ArrowFlow Ensemble (v=7),,455,114,2,5,0.03684210526315789,0.0128920512778062,0.02631578947368421,0.05263157894736842,0.005765500605317537,0.0,0.0,1.5623820781707765,"{'filters': '[128]', 'layer_types': ""['sort', 'sort']"", 'moe': 1, 'iters': 200, 'lr': 0.1, 'batch_size': 32, 'distance_metric': 'l1', 'poly_expansion': True, 'pol_deg': 2, 'embed_dim': 32, 'last_layer_update': True, 'encoding_mode': 'projection', 'n_ensemble_views': 7, 'projection_strategy': 'random', 'use_augmentation': True, 'adaptive_mode': False}"
2026-04-03T18:15:02.178053,breast_cancer,ArrowFlow Ensemble (v=7),,455,114,2,5,0.03684210526315789,0.011637279966159297,0.017543859649122806,0.05263157894736842,0.005204349815505728,0.0,0.0,3.076149749755859,"{'filters': '[256]', 'layer_types': ""['sort', 'sort']"", 'moe': 1, 'iters': 200, 'lr': 0.1, 'batch_size': 32, 'distance_metric': 'l1', 'poly_expansion': True, 'pol_deg': 2, 'embed_dim': 32, 'last_layer_update': True, 'encoding_mode': 'projection', 'n_ensemble_views': 7, 'projection_strategy': 'random', 'use_augmentation': True, 'adaptive_mode': False}"
2026-04-03T18:15:02.178063,breast_cancer,ArrowFlow Ensemble (v=7),,455,114,2,5,0.02807017543859649,0.006564311204866564,0.017543859649122806,0.03508771929824561,0.0029356492159090366,0.0,0.0,4.04452338218689,"{'filters': '[64, 128]', 'layer_types': ""['sort', 'sort', 'sort']"", 'moe': 1, 'iters': 200, 'lr': 0.1, 'batch_size': 32, 'distance_metric': 'l1', 'poly_expansion': True, 'pol_deg': 2, 'embed_dim': 32, 'last_layer_update': True, 'encoding_mode': 'projection', 'n_ensemble_views': 7, 'projection_strategy': 'random', 'use_augmentation': True, 'adaptive_mode': False}"
2026-04-03T18:15:02.178073,breast_cancer,ArrowFlow Ensemble (v=7),,455,114,2,5,0.03508771929824561,0.005547855544155052,0.02631578947368421,0.043859649122807015,0.0024810764252159562,0.0,0.0,12.977085781097411,"{'filters': '[128, 256]', 'layer_types': ""['sort', 'sort', 'sort']"", 'moe': 1, 'iters': 200, 'lr': 0.1, 'batch_size': 32, 'distance_metric': 'l1', 'poly_expansion': True, 'pol_deg': 2, 'embed_dim': 32, 'last_layer_update': True, 'encoding_mode': 'projection', 'n_ensemble_views': 7, 'projection_strategy': 'random', 'use_augmentation': True, 'adaptive_mode': False}"
2026-04-03T18:15:02.178084,breast_cancer,ArrowFlow Ensemble (v=7),,455,114,2,5,0.03859649122807017,0.011898824531798715,0.02631578947368421,0.06140350877192982,0.005321316101088807,0.0,0.0,1.528112030029297,"{'filters': '[128]', 'layer_types': ""['sort', 'sort']"", 'moe': 1, 'iters': 200, 'lr': 0.1, 'batch_size': 32, 'distance_metric': 'l1', 'poly_expansion': True, 'pol_deg': 3, 'embed_dim': 16, 'last_layer_update': True, 'encoding_mode': 'projection', 'n_ensemble_views': 7, 'projection_strategy': 'random', 'use_augmentation': True, 'adaptive_mode': False}"
2026-04-03T18:15:02.178093,breast_cancer,ArrowFlow Ensemble (v=7),,455,114,2,5,0.05438596491228069,0.017009403008478346,0.03508771929824561,0.07894736842105263,0.007606836276729402,0.0,0.0,1.9495965957641601,"{'filters': '[128]', 'layer_types': ""['sort', 'sort']"", 'moe': 1, 'iters': 200, 'lr': 0.1, 'batch_size': 32, 'distance_metric': 'l1', 'poly_expansion': False, 'pol_deg': 1, 'embed_dim': 64, 'last_layer_update': True, 'encoding_mode': 'projection', 'n_ensemble_views': 7, 'projection_strategy': 'random', 'use_augmentation': False, 'adaptive_mode': False}"
2026-04-03T18:15:02.178104,breast_cancer,ArrowFlow Ensemble (v=3),,455,114,2,5,0.047368421052631574,0.013128622409733127,0.03508771929824561,0.07017543859649122,0.005871298431818073,0.0,0.0,1.4211025714874268,"{'filters': '[128]', 'layer_types': ""['sort', 'sort']"", 'moe': 1, 'iters': 200, 'lr': 0.1, 'batch_size': 32, 'distance_metric': 'l1', 'poly_expansion': True, 'pol_deg': 2, 'embed_dim': 32, 'last_layer_update': True, 'encoding_mode': 'projection', 'n_ensemble_views': 3, 'projection_strategy': 'random', 'use_augmentation': True, 'adaptive_mode': False}"
2026-04-03T18:15:02.178114,breast_cancer,ArrowFlow Ensemble (v=11),,455,114,2,5,0.03684210526315789,0.010229740166395263,0.02631578947368421,0.05263157894736842,0.004574878880843964,0.0,0.0,2.308780813217163,"{'filters': '[128]', 'layer_types': ""['sort', 'sort']"", 'moe': 1, 'iters': 200, 'lr': 0.1, 'batch_size': 32, 'distance_metric': 'l1', 'poly_expansion': True, 'pol_deg': 2, 'embed_dim': 32, 'last_layer_update': True, 'encoding_mode': 'projection', 'n_ensemble_views': 11, 'projection_strategy': 'random', 'use_augmentation': True, 'adaptive_mode': False}"
2026-04-03T18:15:02.178125,breast_cancer,ArrowFlow Ensemble (v=7),,455,114,2,5,0.045614035087719294,0.011637279966159297,0.02631578947368421,0.06140350877192982,0.005204349815505728,0.0,0.0,1.3895653247833253,"{'filters': '[128]', 'layer_types': ""['sort', 'sort']"", 'moe': 1, 'iters': 200, 'lr': 0.1, 'batch_size': 32, 'distance_metric': 'l1', 'poly_expansion': True, 'pol_deg': 2, 'embed_dim': 32, 'last_layer_update': True, 'encoding_mode': 'projection', 'n_ensemble_views': 7, 'projection_strategy': 'random', 'use_augmentation': False, 'adaptive_mode': False}"
2026-04-03T18:15:02.178135,digits,Random Forest,,1437,360,10,1,0.02777777777777779,0.0,0.02777777777777779,0.02777777777777779,0.0,,,11.365272760391235,"{'best_params': ""{'bootstrap': True, 'ccp_alpha': 0.0, 'class_weight': None, 'criterion': 'gini', 'max_depth': None, 'max_features': 'sqrt', 'max_leaf_nodes': None, 'max_samples': None, 'min_impurity_decrease': 0.0, '""}"
2026-04-03T18:15:02.178143,digits,SVM-RBF,,1437,360,10,1,0.01666666666666672,0.0,0.01666666666666672,0.01666666666666672,0.0,,,0.3371262550354004,"{'best_params': ""{'C': 100, 'break_ties': False, 'cache_size': 200, 'class_weight': None, 'coef0': 0.0, 'decision_function_shape': 'ovr', 'degree': 3, 'gamma': 0.01, 'kernel': 'rbf', 'max_iter': -1, 'probability': Fal""}"
2026-04-03T18:15:02.178151,digits,MLP,,1437,360,10,1,0.019444444444444486,0.0,0.019444444444444486,0.019444444444444486,0.0,,,3.7502081394195557,"{'best_params': ""{'activation': 'relu', 'alpha': 0.0001, 'batch_size': 'auto', 'beta_1': 0.9, 'beta_2': 0.999, 'early_stopping': False, 'epsilon': 1e-08, 'hidden_layer_sizes': (256,), 'learning_rate': 'constant', 'lea""}"
2026-04-03T18:15:02.178159,digits,KNN,,1437,360,10,1,0.022222222222222254,0.0,0.022222222222222254,0.022222222222222254,0.0,,,0.09209775924682617,"{'best_params': ""{'algorithm': 'auto', 'leaf_size': 30, 'metric': 'manhattan', 'metric_params': None, 'n_jobs': None, 'n_neighbors': 1, 'p': 2, 'weights': 'uniform'}""}"
2026-04-03T18:15:02.178166,digits,XGBoost,,1437,360,10,1,0.04166666666666663,0.0,0.04166666666666663,0.04166666666666663,0.0,,,250.3613178730011,"{'best_params': ""{'ccp_alpha': 0.0, 'criterion': 'friedman_mse', 'init': None, 'learning_rate': 0.05, 'loss': 'log_loss', 'max_depth': 5, 'max_features': None, 'max_leaf_nodes': None, 'min_impurity_decrease': 0.0, 'mi""}"
2026-04-03T18:15:02.178172,digits,ArrowFlow Ensemble (v=7),,1437,360,10,5,0.14388888888888887,0.007737993487324515,0.1361111111111111,0.15555555555555556,0.0034605358894216546,0.0,0.0,3.1349909782409666,"{'filters': '[64]', 'layer_types': ""['sort', 'sort']"", 'moe': 1, 'iters': 200, 'lr': 0.1, 'batch_size': 32, 'distance_metric': 'l1', 'poly_expansion': True, 'pol_deg': 2, 'embed_dim': 32, 'last_layer_update': True, 'encoding_mode': 'projection', 'n_ensemble_views': 7, 'projection_strategy': 'diverse', 'use_augmentation': True, 'adaptive_mode': False}"
2026-04-03T18:15:02.178184,digits,ArrowFlow Ensemble (v=7),,1437,360,10,5,0.13833333333333334,0.012595315609727374,0.12222222222222222,0.1527777777777778,0.005632796380282924,0.0,0.0,3.997316312789917,"{'filters': '[128]', 'layer_types': ""['sort', 'sort']"", 'moe': 1, 'iters': 200, 'lr': 0.1, 'batch_size': 32, 'distance_metric': 'l1', 'poly_expansion': True, 'pol_deg': 2, 'embed_dim': 32, 'last_layer_update': True, 'encoding_mode': 'projection', 'n_ensemble_views': 7, 'projection_strategy': 'diverse', 'use_augmentation': True, 'adaptive_mode': False}"
2026-04-03T18:15:02.178200,digits,ArrowFlow Ensemble (v=7),,1437,360,10,5,0.11722222222222223,0.007737993487324506,0.10833333333333334,0.12777777777777777,0.0034605358894216503,0.0,0.0,6.64352240562439,"{'filters': '[256]', 'layer_types': ""['sort', 'sort']"", 'moe': 1, 'iters': 200, 'lr': 0.1, 'batch_size': 32, 'distance_metric': 'l1', 'poly_expansion': True, 'pol_deg': 2, 'embed_dim': 32, 'last_layer_update': True, 'encoding_mode': 'projection', 'n_ensemble_views': 7, 'projection_strategy': 'diverse', 'use_augmentation': True, 'adaptive_mode': False}"
2026-04-03T18:15:02.178210,digits,ArrowFlow Ensemble (v=7),,1437,360,10,5,0.12944444444444445,0.0037679611017362624,0.12222222222222222,0.13333333333333333,0.0016850834320114568,0.0,0.0,14.264703559875489,"{'filters': '[512]', 'layer_types': ""['sort', 'sort']"", 'moe': 1, 'iters': 200, 'lr': 0.1, 'batch_size': 32, 'distance_metric': 'l1', 'poly_expansion': True, 'pol_deg': 2, 'embed_dim': 32, 'last_layer_update': True, 'encoding_mode': 'projection', 'n_ensemble_views': 7, 'projection_strategy': 'diverse', 'use_augmentation': True, 'adaptive_mode': False}"
2026-04-03T18:15:02.178220,digits,ArrowFlow Ensemble (v=7),,1437,360,10,5,0.15944444444444444,0.012496913199113321,0.14166666666666666,0.175,0.00558878948442635,0.0,0.0,7.783959531784058,"{'filters': '[64, 128]', 'layer_types': ""['sort', 'sort', 'sort']"", 'moe': 1, 'iters': 200, 'lr': 0.1, 'batch_size': 32, 'distance_metric': 'l1', 'poly_expansion': True, 'pol_deg': 2, 'embed_dim': 32, 'last_layer_update': True, 'encoding_mode': 'projection', 'n_ensemble_views': 7, 'projection_strategy': 'diverse', 'use_augmentation': True, 'adaptive_mode': False}"
2026-04-03T18:15:02.178230,digits,ArrowFlow Ensemble (v=7),,1437,360,10,5,0.12777777777777777,0.014380199006160877,0.1111111111111111,0.1527777777777778,0.006431020501550128,0.0,0.0,21.878563690185548,"{'filters': '[128, 256]', 'layer_types': ""['sort', 'sort', 'sort']"", 'moe': 1, 'iters': 200, 'lr': 0.1, 'batch_size': 32, 'distance_metric': 'l1', 'poly_expansion': True, 'pol_deg': 2, 'embed_dim': 32, 'last_layer_update': True, 'encoding_mode': 'projection', 'n_ensemble_views': 7, 'projection_strategy': 'diverse', 'use_augmentation': True, 'adaptive_mode': False}"
2026-04-03T18:15:02.178240,digits,ArrowFlow Ensemble (v=7),,1437,360,10,5,0.10888888888888888,0.012595315609727369,0.09444444444444444,0.12777777777777777,0.005632796380282921,0.0,0.0,87.46261687278748,"{'filters': '[256, 512]', 'layer_types': ""['sort', 'sort', 'sort']"", 'moe': 1, 'iters': 200, 'lr': 0.1, 'batch_size': 32, 'distance_metric': 'l1', 'poly_expansion': True, 'pol_deg': 2, 'embed_dim': 32, 'last_layer_update': True, 'encoding_mode': 'projection', 'n_ensemble_views': 7, 'projection_strategy': 'diverse', 'use_augmentation': True, 'adaptive_mode': False}"
2026-04-03T18:15:02.178250,digits,ArrowFlow Ensemble (v=7),,1437,360,10,5,0.16277777777777777,0.011863420280034785,0.15,0.18333333333333332,0.005305482838361473,0.0,0.0,30.165717315673827,"{'filters': '[128]', 'layer_types': ""['sort', 'sort']"", 'moe': 1, 'iters': 200, 'lr': 0.1, 'batch_size': 32, 'distance_metric': 'l1', 'poly_expansion': True, 'pol_deg': 3, 'embed_dim': 16, 'last_layer_update': True, 'encoding_mode': 'projection', 'n_ensemble_views': 7, 'projection_strategy': 'diverse', 'use_augmentation': True, 'adaptive_mode': False}"
2026-04-03T18:15:02.178259,digits,ArrowFlow Ensemble (v=7),,1437,360,10,5,0.057777777777777775,0.008127077132404327,0.05,0.07222222222222222,0.0036345393852880267,0.0,0.0,3.46641321182251,"{'filters': '[128]', 'layer_types': ""['sort', 'sort']"", 'moe': 1, 'iters': 200, 'lr': 0.1, 'batch_size': 32, 'distance_metric': 'l1', 'poly_expansion': False, 'pol_deg': 1, 'embed_dim': 64, 'last_layer_update': True, 'encoding_mode': 'projection', 'n_ensemble_views': 7, 'projection_strategy': 'diverse', 'use_augmentation': False, 'adaptive_mode': False}"
2026-04-03T18:15:02.178269,digits,ArrowFlow Ensemble (v=3),,1437,360,10,5,0.18666666666666668,0.0228656840302852,0.15555555555555556,0.2111111111111111,0.010225844768749812,0.0,0.0,3.162544536590576,"{'filters': '[128]', 'layer_types': ""['sort', 'sort']"", 'moe': 1, 'iters': 200, 'lr': 0.1, 'batch_size': 32, 'distance_metric': 'l1', 'poly_expansion': True, 'pol_deg': 2, 'embed_dim': 32, 'last_layer_update': True, 'encoding_mode': 'projection', 'n_ensemble_views': 3, 'projection_strategy': 'diverse', 'use_augmentation': True, 'adaptive_mode': False}"
2026-04-03T18:15:02.178278,digits,ArrowFlow Ensemble (v=11),,1437,360,10,5,0.09944444444444445,0.005386310952684811,0.09444444444444444,0.10833333333333334,0.0024088314876309783,0.0,0.0,5.519344902038574,"{'filters': '[128]', 'layer_types': ""['sort', 'sort']"", 'moe': 1, 'iters': 200, 'lr': 0.1, 'batch_size': 32, 'distance_metric': 'l1', 'poly_expansion': True, 'pol_deg': 2, 'embed_dim': 32, 'last_layer_update': True, 'encoding_mode': 'projection', 'n_ensemble_views': 11, 'projection_strategy': 'diverse', 'use_augmentation': True, 'adaptive_mode': False}"
2026-04-03T18:15:02.178288,digits,ArrowFlow Ensemble (v=13),,1437,360,10,5,0.10333333333333332,0.014740554623801782,0.08888888888888889,0.13055555555555556,0.006592176432973925,0.0,0.0,6.344898653030396,"{'filters': '[128]', 'layer_types': ""['sort', 'sort']"", 'moe': 1, 'iters': 200, 'lr': 0.1, 'batch_size': 32, 'distance_metric': 'l1', 'poly_expansion': True, 'pol_deg': 2, 'embed_dim': 32, 'last_layer_update': True, 'encoding_mode': 'projection', 'n_ensemble_views': 13, 'projection_strategy': 'diverse', 'use_augmentation': True, 'adaptive_mode': False}"
2026-04-03T18:15:02.178298,digits,ArrowFlow Ensemble (v=7),,1437,360,10,5,0.13722222222222222,0.011992796191623838,0.125,0.1527777777777778,0.005363341504954299,0.0,0.0,5.048393964767456,"{'filters': '[128]', 'layer_types': ""['sort', 'sort']"", 'moe': 1, 'iters': 300, 'lr': 0.1, 'batch_size': 32, 'distance_metric': 'l1', 'poly_expansion': True, 'pol_deg': 2, 'embed_dim': 32, 'last_layer_update': True, 'encoding_mode': 'projection', 'n_ensemble_views': 7, 'projection_strategy': 'diverse', 'use_augmentation': True, 'adaptive_mode': False}"
2026-04-03T18:15:02.178307,digits,ArrowFlow Ensemble (v=7),,1437,360,10,5,0.13666666666666666,0.012595315609727374,0.12222222222222222,0.1527777777777778,0.005632796380282924,0.0,0.0,6.175576066970825,"{'filters': '[128]', 'layer_types': ""['sort', 'sort']"", 'moe': 1, 'iters': 400, 'lr': 0.1, 'batch_size': 32, 'distance_metric': 'l1', 'poly_expansion': True, 'pol_deg': 2, 'embed_dim': 32, 'last_layer_update': True, 'encoding_mode': 'projection', 'n_ensemble_views': 7, 'projection_strategy': 'diverse', 'use_augmentation': True, 'adaptive_mode': False}"
